site-name,lab-id,sample-ref,bp,error,human,marine,d13C,d15N,C/N,marine-fraction,cal-start-2s,cal-end-2s,segments-2s,cal-start-1s,cal-end-1s,segments-1s
bay of skaill,GU-7245,,1410,50,yes,no,-20.5,,,,563AD,754AD,555AD (92.8%) 683AD; 744AD ( 2.2%) 760AD; 766AD ( 0.5%) 771AD,600AD,658AD,600AD (68.3%) 660AD
broch of burrian,OxA-18353,NMS X.GB 228,1289,27,no,no,-22.63,,,,667AD,798AD,662AD (95.4%) 774AD,683AD,762AD,674AD (32.4%) 705AD; 738AD (35.9%) 771AD
broch of burrian,UB-6923,NMS X.GB 227,1435,29,no,no,-22.0,,,,578AD,653AD,580AD (95.4%) 655AD,602AD,642AD,604AD (68.3%) 645AD
brough road,GU-1230,BY78 SB,1060,110,no,no,-23.4,,,,710AD,1204AD,704AD ( 2.4%) 738AD; 771AD (93.1%) 1216AD,842AD,1112AD,778AD ( 1.3%) 784AD; 878AD (51.6%) 1050AD; 1080AD (15.4%) 1153AD
brough road,GU-1550,BY76 AN,1640,70,yes,no,,,,,258AD,570AD,250AD ( 8.7%) 295AD; 310AD (86.8%) 572AD,342AD,520AD,364AD (68.3%) 538AD
brough road,GU-1551,BY76 AS,1600,70,yes,no,,,,,270AD,599AD,258AD ( 2.6%) 280AD; 332AD (92.8%) 603AD,398AD,543AD,410AD (68.3%) 553AD
brough road,GU-1552,BY78 CU,1040,60,yes,no,,,,,852AD,1152AD,882AD (95.4%) 1160AD,921AD,1098AD,895AD (11.6%) 925AD; 949AD (51.0%) 1044AD; 1086AD ( 1.6%) 1092AD; 1106AD ( 4.1%) 1119AD
brough road,GU-1553,BY78 DT,1240,85,yes,no,-19.5,,,0.176,676AD,1050AD,666AD (95.4%) 1028AD,746AD,965AD,774AD (68.3%) 980AD
brough road,GU-1554,BY78 IO,1705,80,yes,no,-23.1,,,,164AD,538AD,170AD ( 0.7%) 184AD; 203AD (94.8%) 550AD,263AD,453AD,246AD (68.3%) 422AD
brough road,GU-1555,BY78 BJ,1140,65,yes,no,-23,,,,710AD,1016AD,706AD ( 3.2%) 736AD; 771AD (92.3%) 1024AD,804AD,970AD,777AD ( 3.7%) 786AD; 830AD ( 9.2%) 854AD; 873AD (55.4%) 990AD
brough road,GU-1667,BY78 GE,975,110,no,no,-23.3,,,,798AD,1254AD,776AD ( 0.6%) 786AD; 830AD ( 1.2%) 852AD; 874AD (93.6%) 1272AD,950AD,1177AD,990AD (68.3%) 1212AD
brough road,GU-1955,BY78 GF,1230,50,no,no,-20.3,,,,677AD,942AD,667AD (93.7%) 894AD; 928AD ( 1.8%) 944AD,712AD,866AD,703AD (18.2%) 740AD; 774AD ( 1.1%) 776AD; 784AD (49.0%) 878AD
brough road,GU-1956,BY78 DS,1250,55,no,no,-19.7,,,,668AD,932AD,660AD (95.4%) 890AD,700AD,854AD,678AD (37.0%) 750AD; 758AD ( 7.5%) 775AD; 787AD (19.9%) 828AD; 860AD ( 3.9%) 870AD
brough road,GU-1957,BY78 DH,1105,55,no,no,-20.3,,,,780AD,1026AD,772AD ( 3.7%) 791AD; 804AD ( 0.3%) 808AD; 820AD (91.4%) 1030AD,869AD,989AD,886AD (66.1%) 994AD; 1008AD ( 2.2%) 1014AD
brough road,GU-1958,BY78 SM,1250,110,no,no,-23.8,,,,606AD,1004AD,603AD (95.1%) 995AD; 1008AD ( 0.3%) 1014AD,687AD,914AD,666AD (68.3%) 884AD
brough road,GU-1959,BY78 SZ,1240,110,no,no,-23.8,,,,612AD,1010AD,606AD ( 1.4%) 626AD; 636AD (93.0%) 998AD; 1003AD ( 1.1%) 1018AD,692AD,924AD,670AD (68.3%) 886AD
brough road,GU-1979,BY78 DJ,1215,80,no,no,-22.1,,,,668AD,986AD,664AD (95.4%) 980AD,716AD,920AD,682AD (20.0%) 744AD; 760AD (48.2%) 892AD
brough road,GU-1980,BY78 FE,1095,55,no,no,-22.6,,,,782AD,1038AD,772AD ( 3.0%) 791AD; 820AD (92.4%) 1034AD,886AD,997AD,890AD (64.2%) 995AD; 1006AD ( 4.1%) 1015AD
brough road,TO-6691,,1120,40,yes,no,-19.5,,,0.176,848AD,1143AD,881AD (95.4%) 1154AD,916AD,1052AD,895AD (13.7%) 928AD; 945AD (54.6%) 1039AD
brough road,TO-6696,,1430,40,yes,no,-20.9,,,,566AD,660AD,570AD (95.4%) 661AD,596AD,645AD,602AD (68.3%) 650AD
brough road,TO-7047,,1520,50,yes,no,-21.2,,,,432AD,637AD,431AD (95.4%) 640AD,468AD,596AD,440AD ( 8.6%) 460AD; 478AD ( 8.4%) 496AD; 534AD (51.2%) 604AD
brough road,TO-7048,,1320,50,yes,no,-20.1,,,,638AD,842AD,609AD ( 0.8%) 619AD; 639AD (89.2%) 778AD; 787AD ( 5.4%) 828AD,667AD,766AD,655AD (39.6%) 706AD; 737AD (28.6%) 772AD
bu,GU-1152,30,2440,110,,no,-21.1,,,,794BC,251BC,808BC (93.3%) 356BC; 280BC ( 2.2%) 232BC,723BC,430BC,751BC (15.9%) 684BC; 668BC ( 7.8%) 634BC; 620BC ( 1.3%) 614BC; 590BC (43.2%) 408BC
bu,GU-1153,31,2545,110,,no,-21.4,,,,910BC,412BC,898BC (95.4%) 402BC,788BC,502BC,807BC (67.1%) 539BC; 527BC ( 1.2%) 520BC
bu,GU-1154,32,2460,112,,no,-21.5,,,,808BC,270BC,821BC (94.4%) 358BC; 277BC ( 0.6%) 259BC; 245BC ( 0.4%) 234BC,732BC,442BC,754BC (17.9%) 681BC; 670BC (14.5%) 608BC; 594BC (31.7%) 461BC; 438BC ( 4.2%) 420BC
bu,GU-1228,33,2470,133,,no,-25,,,,882BC,238BC,898BC ( 1.4%) 862BC; 848BC (90.6%) 351BC; 292BC ( 3.5%) 208BC,748BC,432BC,766BC (65.5%) 466BC; 436BC ( 2.8%) 422BC
bu,SUERC-68733,OM 1982.330.321,2260,29,yes,no,,,,,390BC,210BC,394BC (36.7%) 348BC; 311BC (58.7%) 206BC,375BC,237BC,389BC (31.0%) 355BC; 280BC (37.3%) 232BC
bu,SUERC-69075,OM 1982.330.330,2271,33,yes,no,,,,,394BC,210BC,398BC (42.1%) 349BC; 309BC (53.4%) 207BC,380BC,239BC,394BC (36.6%) 356BC; 280BC (31.7%) 232BC
buckquoy,TO-6693,,1580,40,yes,no,-20.5,,,,418AD,574AD,415AD (95.4%) 571AD,442AD,539AD,434AD (57.7%) 520AD; 526AD (10.6%) 542AD
buckquoy,TO-6695,,1740,40,yes,no,-20.2,,,,238AD,406AD,240AD (95.4%) 406AD,264AD,374AD,250AD (28.9%) 295AD; 310AD (39.4%) 375AD
hermisgarth,GU-4232,,1480,80,yes,no,,,,,420AD,699AD,414AD (95.4%) 675AD,478AD,634AD,442AD ( 1.6%) 448AD; 480AD ( 4.3%) 494AD; 536AD (62.3%) 654AD
hermisgarth,GU-4233,,1580,100,yes,no,,,,,258AD,640AD,252AD ( 4.7%) 290AD; 319AD (90.8%) 650AD,374AD,573AD,405AD (68.3%) 596AD
howe,GU-1749,SF 2812,1565,45,no,no,,,,,420AD,593AD,418AD (95.4%) 590AD,446AD,554AD,434AD (21.6%) 467AD; 472AD (29.1%) 518AD; 528AD (17.5%) 554AD
howe,GU-1750,SF 4812; SF 4813,2070,50,no,no,,,,,326BC,58AD,341BC ( 2.0%) 323BC; 200BC (93.5%) 62AD,152BC,7BC,162BC (61.1%) 36BC; 14BC ( 7.2%) 4AD
howe,GU-1756,SF 870,2200,70,no,no,,,,,388BC,58BC,394BC (92.6%) 92BC; 76BC ( 2.9%) 54BC,344BC,150BC,364BC (68.3%) 176BC
howe,GU-1757,SF 313; SF 940,1450,50,no,no,,,,,488AD,659AD,537AD (95.4%) 668AD,573AD,640AD,582AD (68.3%) 648AD
howe,GU-1758,SF 7341,2255,95,no,no,,,,,694BC,60BC,733BC ( 1.5%) 696BC; 663BC ( 0.6%) 650BC; 546BC (93.4%) 46BC,410BC,182BC,402BC (68.3%) 176BC
howe,GU-1759,SF 7054,1940,60,no,no,,,,,58BC,225AD,46BC (95.4%) 230AD,12AD,174AD,14AD (63.6%) 164AD; 188AD ( 4.6%) 202AD
howe,GU-1760,SF 7155,2405,75,no,no,,,,,759BC,308BC,773BC (95.4%) 382BC,702BC,428BC,745BC (14.1%) 690BC; 664BC ( 5.1%) 645BC; 550BC (49.0%) 397BC
howe,GU-1786,SF 2207,1975,55,no,no,,,,,106BC,198AD,96BC ( 2.6%) 71BC; 57BC (92.9%) 210AD,26BC,116AD,39BC (12.1%) 11BC; 2AD (56.1%) 120AD
howe,GU-1787,SF 6984,1670,55,no,no,,,,,256AD,535AD,250AD (13.7%) 295AD; 310AD (81.7%) 540AD,303AD,478AD,258AD ( 9.5%) 280AD; 330AD (53.2%) 434AD; 466AD ( 2.3%) 474AD; 518AD ( 3.3%) 528AD
howe,GU-1788,SF 2686,1935,55,no,no,,,,,39BC,222AD,42BC (95.4%) 222AD,24AD,175AD,22AD (63.6%) 163AD; 188AD ( 4.7%) 201AD
howe,GU-1789,SF 7126,2405,70,no,no,,,,,756BC,372BC,765BC (95.4%) 388BC,701BC,430BC,742BC (13.1%) 692BC; 664BC ( 4.7%) 647BC; 548BC (50.6%) 398BC
howe,GU-1799,SF 5451,2380,50,yes,no,-20,,,,736BC,386BC,750BC (11.6%) 684BC; 668BC ( 5.3%) 634BC; 620BC ( 0.4%) 614BC; 590BC (78.2%) 380BC,653BC,414BC,539BC (68.3%) 394BC
howe,GU-1804,SF 6925,2420,55,no,no,,,,,751BC,404BC,756BC (19.4%) 680BC; 670BC (13.0%) 606BC; 597BC (63.0%) 398BC,702BC,442BC,734BC (11.6%) 696BC; 662BC ( 4.2%) 650BC; 546BC (52.4%) 406BC
howe,GU-1805,SF 6733,2305,60,no,no,,,,,660BC,203BC,717BC ( 0.4%) 710BC; 659BC ( 0.3%) 654BC; 542BC (94.8%) 196BC,445BC,244BC,414BC (35.9%) 350BC; 295BC (32.4%) 208BC
howe,GU-2342,SF 3255,1790,50,no,no,,,,,134AD,392AD,130AD (95.4%) 383AD,212AD,334AD,212AD (28.2%) 262AD; 276AD (40.1%) 344AD
howe,GU-2343,SF 3694,2130,80,no,no,,,,,368BC,52AD,385BC (95.4%) 24AD,313BC,56BC,351BC (16.0%) 291BC; 209BC (52.3%) 46BC
howe,GU-2344,SF 3455,1810,50,no,no,,,,,119AD,373AD,121AD (95.4%) 376AD,171AD,317AD,168AD ( 6.2%) 186AD; 202AD (34.2%) 258AD; 280AD (27.8%) 332AD
howe,GU-2345,SF 3020,1750,50,no,no,,,,,202AD,409AD,214AD (95.4%) 414AD,254AD,372AD,244AD (68.3%) 362AD
howe,GU-2346,SF 3365,1750,50,no,no,,,,,202AD,409AD,214AD (95.4%) 414AD,254AD,372AD,244AD (68.3%) 362AD
howe,GU-2347,SF 570,1170,50,no,no,,,,,709AD,985AD,706AD ( 3.9%) 736AD; 771AD (91.6%) 992AD,790AD,944AD,774AD ( 8.8%) 792AD; 801AD ( 4.0%) 812AD; 818AD (40.5%) 897AD; 921AD (14.9%) 954AD
howe,GU-2348,SF 6571,2280,50,no,no,,,,,438BC,202BC,412BC (95.4%) 196BC,385BC,236BC,400BC (33.3%) 352BC; 286BC (33.1%) 228BC; 216BC ( 1.9%) 212BC
howe,GU-2349,SF 3056,1790,50,no,no,,,,,134AD,392AD,130AD (95.4%) 383AD,212AD,334AD,212AD (28.2%) 262AD; 276AD (40.1%) 344AD
howe,GU-2351,SF 3094,1850,50,no,no,,,,,65AD,324AD,66AD (85.1%) 258AD; 280AD (10.4%) 332AD,130AD,244AD,126AD (68.3%) 240AD
howe,GU-2353,SF 5726,1770,50,no,no,,,,,156AD,401AD,166AD ( 1.8%) 187AD; 202AD (93.7%) 412AD,238AD,354AD,232AD (19.0%) 266AD; 272AD (49.2%) 352AD
howe,GU-2355,SF 6458; SF 6385,1930,120,no,no,,,,,288BC,371AD,340BC ( 0.7%) 324BC; 200BC (94.6%) 384AD; 397AD ( 0.1%) 400AD,64BC,228AD,48BC (68.3%) 240AD
howe,SUERC-25599,SF 4546,1925,40,yes,no,-19.9,,,0.129,22AD,304AD,20AD (93.2%) 255AD; 290AD ( 2.3%) 316AD,90AD,218AD,85AD ( 3.9%) 94AD; 116AD (64.4%) 231AD
howe,SUERC-68727,SF 3454,1901,29,yes,no,-20.3,12.1,3.2,,49AD,216AD,62AD (95.4%) 222AD,94AD,193AD,86AD ( 4.1%) 92AD; 118AD (64.1%) 204AD
howe,SUERC-68731,SF 5445,1946,25,yes,no,-20.6,11.3,3.3,,3BC,178AD,30BC ( 1.2%) 17BC; 6AD (91.0%) 132AD; 140AD ( 2.2%) 160AD; 190AD ( 1.0%) 200AD,38AD,114AD,30AD ( 8.0%) 40AD; 60AD (60.3%) 120AD
howe,SUERC-68732,SF 4546,2052,26,yes,no,-20.9,10.8,3.2,,149BC,22AD,152BC ( 5.3%) 129BC; 122BC (90.2%) 22AD,96BC,4BC,98BC (22.6%) 70BC; 58BC (24.7%) 32BC; 18BC (21.0%) 8AD
knowe of skea,SUERC-8400,,2065,35,yes,,-19.0,12.5,3.1,0.235,103BC,182AD,99BC ( 3.4%) 66BC; 60BC (90.9%) 179AD; 185AD ( 1.1%) 200AD,28BC,104AD,38BC (14.9%) 8BC; 2BC (47.4%) 82AD; 98AD ( 5.9%) 110AD
knowe of skea,SUERC-8401,,1950,35,yes,,-19.2,13.0,3.4,0.212,31AD,302AD,24AD (94.0%) 255AD; 294AD ( 1.5%) 310AD,97AD,219AD,119AD (68.3%) 231AD
knowe of skea,SUERC-8402,,2060,35,yes,,-18.0,12.2,3.2,0.353,38BC,220AD,41BC (95.4%) 219AD,24AD,168AD,20AD (68.3%) 162AD
knowe of skea,SUERC-8403,,1665,35,yes,,-20.9,9.1,3.5,,264AD,526AD,256AD ( 9.4%) 282AD; 328AD (72.8%) 440AD; 452AD ( 4.8%) 479AD; 495AD ( 8.4%) 535AD,348AD,441AD,264AD ( 4.6%) 272AD; 350AD (63.7%) 426AD
knowe of skea,SUERC-8406,,2130,35,yes,,-20.7,11.0,3.4,,342BC,53BC,350BC (14.3%) 292BC; 209BC (81.2%) 46BC,254BC,89BC,334BC ( 1.5%) 330BC; 197BC (62.4%) 100BC; 68BC ( 4.3%) 60BC
knowe of skea,SUERC-8410,,2095,35,yes,,-19.0,13.0,3.3,0.235,150BC,126AD,152BC (95.4%) 124AD,74BC,66AD,54BC (68.3%) 75AD
knowe of skea,SUERC-8411,,1915,35,yes,,-21.1,11.2,3.4,,24AD,213AD,24AD (95.4%) 214AD,72AD,185AD,72AD (59.0%) 168AD; 186AD ( 9.2%) 202AD
knowe of skea,SUERC-8896,,1875,35,yes,,-18.9,13.1,3.3,0.247,135AD,394AD,131AD (95.4%) 393AD,212AD,336AD,213AD (28.7%) 266AD; 272AD (39.6%) 341AD
knowe of skea,SUERC-27910,,2030,30,yes,,-18.5,10.7,3.2,0.294,28BC,221AD,36BC ( 3.3%) 12BC; 2AD (92.1%) 224AD,38AD,176AD,28AD (68.3%) 166AD
knowe of skea,SUERC-27911,,2085,30,yes,,-18.7,11.7,3.2,0.271,108BC,160AD,106BC (95.4%) 164AD,33BC,92AD,42BC (68.3%) 80AD
knowe of skea,SUERC-27912,,2010,30,yes,,-18.3,11.2,3.2,0.318,10AD,242AD,14AD (95.4%) 245AD,74AD,200AD,81AD (68.3%) 210AD
knowe of skea,SUERC-27913,,1905,30,yes,,-19.3,11.1,3.3,0.2,88AD,334AD,81AD ( 2.1%) 98AD; 110AD (93.4%) 340AD,146AD,286AD,130AD (68.3%) 249AD
knowe of skea,SUERC-27914,,2025,30,yes,,-18.3,11.2,3.2,0.318,18BC,231AD,26BC ( 1.0%) 16BC; 6AD (94.5%) 238AD,54AD,189AD,68AD (68.3%) 201AD
knowe of skea,SUERC-27918,,2050,30,yes,,-18.4,11.4,3.3,0.306,37BC,210AD,40BC (95.4%) 210AD,22AD,154AD,13AD (64.1%) 134AD; 140AD ( 4.2%) 152AD
knowe of skea,SUERC-27919,,1960,30,yes,,-19.3,10.9,3.1,0.2,26AD,245AD,24AD (95.4%) 244AD,86AD,205AD,84AD ( 5.8%) 96AD; 113AD (62.5%) 214AD
knowe of skea,SUERC-27920,,1905,30,yes,,-19.6,11.0,3.6,0.165,78AD,322AD,76AD (86.4%) 261AD; 279AD ( 9.1%) 328AD,136AD,244AD,130AD (68.3%) 239AD
knowe of skea,SUERC-27921,,2000,30,yes,,-19.0,11.6,3.3,0.235,20BC,226AD,27BC ( 1.2%) 16BC; 6AD (94.3%) 234AD,50AD,186AD,64AD (60.8%) 176AD; 185AD ( 7.5%) 202AD
knowe of skea,SUERC-27922,,2070,30,yes,,-18.4,12.6,3.6,0.306,60BC,197AD,48BC (95.4%) 202AD,7BC,122AD,24BC ( 3.1%) 16BC; 5AD (65.1%) 122AD
knowe of skea,SUERC-27923,,2070,30,yes,,-18.6,12.5,3.5,0.282,80BC,190AD,53BC (95.4%) 202AD,16BC,112AD,28BC ( 6.0%) 15BC; 4AD (49.9%) 88AD; 92AD (12.4%) 116AD
knowe of skea,SUERC-35303,,2100,30,yes,,-18.9,12.6,3..2,0.247,146BC,118AD,149BC ( 2.0%) 131BC; 122BC (93.4%) 122AD,68BC,62AD,54BC (68.3%) 70AD
knowe of skea,SUERC-35304,,2060,30,yes,,-18.3,12.9,3.2,0.318,41BC,206AD,41BC (95.4%) 206AD,14AD,146AD,6AD (68.3%) 134AD
knowe of skea,SUERC-35305,,2180,30,yes,,-17.9,13.7,3.2,0.365,189BC,80AD,195BC (95.4%) 80AD,129BC,12AD,142BC ( 1.5%) 138BC; 120BC (66.7%) 18AD
knowe of skea,SUERC-35306,,2140,30,yes,,-19.8,12.3,3.2,0.141,332BC,17AD,346BC ( 3.8%) 316BC; 204BC (91.6%) 22AD,166BC,47BC,166BC (68.3%) 46BC
knowe of skea,SUERC-35307,,2220,30,yes,,-18.3,12.5,3.2,0.318,336BC,4AD,348BC ( 7.5%) 288BC; 229BC (88.0%) 10AD,193BC,60BC,177BC (68.3%) 50BC
knowe of skea,SUERC-35308,,2125,30,yes,,-19.1,14.2,3.3,0.224,176BC,81AD,176BC (95.4%) 81AD,120BC,16AD,112BC (68.3%) 23AD
knowe of skea,SUERC-35309,,1815,30,yes,,-21.7,10.9,3.2,,137AD,326AD,130AD ( 3.1%) 146AD; 152AD (64.3%) 258AD; 280AD (28.0%) 330AD,202AD,304AD,209AD (48.6%) 252AD; 292AD (19.7%) 318AD
knowe of skea,SUERC-35313,,1945,30,yes,,-19.9,11.4,3.2,0.129,16AD,235AD,20AD (95.4%) 240AD,77AD,198AD,80AD ( 9.6%) 100AD; 108AD (58.7%) 210AD
knowe of skea,SUERC-35314,,1950,30,yes,,-19.9,12.1,3.3,0.129,9AD,232AD,18AD (95.4%) 238AD,71AD,196AD,80AD (11.3%) 101AD; 106AD (57.0%) 207AD
knowe of skea,SUERC-35315,,1950,30,yes,,-18.3,15.3,3.2,0.318,82AD,335AD,80AD (95.4%) 338AD,142AD,275AD,130AD (68.3%) 248AD
knowe of skea,SUERC-35316,,2680,30,yes,,-20.4,10.3,3.2,,900BC,801BC,900BC (95.4%) 800BC,884BC,812BC,894BC (17.2%) 876BC; 836BC (51.1%) 804BC
knowe of skea,SUERC-42223,,1878,37,yes,,-20.5,13.8,3.2,,66AD,238AD,70AD (95.4%) 240AD,120AD,209AD,125AD (68.3%) 212AD
knowe of skea,SUERC-42227,,1858,37,yes,,-19.9,13.3,3.2,0.129,111AD,372AD,120AD (95.4%) 374AD,167AD,314AD,162AD (10.1%) 191AD; 200AD (34.1%) 259AD; 280AD (24.1%) 329AD
knowe of skea,SUERC-42228,,2003,37,yes,,-20.0,13.5,3.4,,92BC,112AD,94BC ( 2.5%) 75BC; 55BC (92.9%) 120AD,34BC,64AD,42BC (53.7%) 32AD; 38AD (14.6%) 60AD
knowe of skea,SUERC-42229,,1892,37,yes,,-20.6,13.8,3.3,,40AD,230AD,34AD ( 0.4%) 37AD; 61AD (95.0%) 236AD,95AD,200AD,88AD ( 1.5%) 91AD; 120AD (66.8%) 210AD
knowe of skea,SUERC-42230,,2077,37,yes,,-19.7,14.0,3.2,0.153,162BC,116AD,162BC (95.4%) 118AD,90BC,54AD,94BC ( 7.7%) 72BC; 56BC (60.6%) 64AD
knowe of skea,SUERC-42231,,2028,37,yes,,-19.6,13.5,3.3,0.165,86BC,196AD,88BC ( 0.5%) 82BC; 54BC (95.0%) 206AD,18BC,116AD,32BC ( 8.0%) 14BC; 4AD (60.3%) 118AD
knowe of skea,SUERC-42232,,2094,37,yes,,-18.8,14.5,3.3,0.259,144BC,152AD,157BC (95.4%) 134AD,55BC,80AD,50BC (68.3%) 80AD
knowe of skea,SUERC-42233,,1854,37,yes,,-19.7,14.1,3.4,0.153,127AD,384AD,124AD (95.4%) 380AD,186AD,325AD,204AD (33.3%) 264AD; 274AD (35.0%) 342AD
lingro,SUERC-23662,,2025,35,yes,no,-19.4,,,0.188,52BC,202AD,46BC (95.4%) 204AD,2BC,130AD,28BC ( 4.4%) 16BC; 6AD (63.9%) 124AD
near stromness,GrA-24015,,1585,40,yes,no,,,,,416AD,570AD,414AD (95.4%) 567AD,440AD,536AD,433AD (68.3%) 538AD
near stromness,GrA-24198,,1620,40,yes,no,,,,,355AD,547AD,364AD (95.4%) 553AD,418AD,522AD,414AD (20.7%) 440AD; 450AD (19.2%) 478AD; 495AD (28.3%) 534AD
newark bay,TO-6933,,1170,50,yes,no,-20.31,10.27,3.33,,709AD,985AD,706AD ( 3.9%) 736AD; 771AD (91.6%) 992AD,790AD,944AD,774AD ( 8.8%) 792AD; 801AD ( 4.0%) 812AD; 818AD (40.5%) 897AD; 921AD (14.9%) 954AD
newark bay,TO-6942,,1180,30,yes,no,-20.2,,,,773AD,960AD,771AD (82.7%) 900AD; 917AD (12.8%) 972AD,792AD,896AD,775AD (12.1%) 790AD; 820AD (56.2%) 891AD
newark bay,TO-7174,,1190,40,yes,no,-19.95,10.92,3.36,0.124,722AD,1010AD,772AD (95.4%) 1022AD,818AD,968AD,778AD ( 2.3%) 784AD; 832AD ( 8.2%) 854AD; 872AD (57.7%) 989AD
newark bay,TO-7176,,1460,40,yes,no,-19.8,,,0.141,558AD,762AD,552AD (89.7%) 708AD; 738AD ( 5.8%) 772AD,599AD,674AD,594AD (68.3%) 670AD
newark bay,TO-7180,,1380,30,yes,no,-19.6,9.85,3.32,0.165,646AD,844AD,640AD (95.3%) 834AD; 860AD ( 0.2%) 862AD,671AD,768AD,659AD (36.2%) 708AD; 728AD (32.1%) 772AD
newark bay,TO-7189,,1130,50,yes,no,-19.38,11.03,3.27,0.191,818AD,1148AD,776AD ( 0.8%) 785AD; 830AD ( 1.9%) 855AD; 872AD (92.8%) 1158AD,909AD,1064AD,894AD (16.3%) 933AD; 938AD (52.0%) 1037AD
newark bay,TO-7191,,1340,60,yes,no,-17.87,12.05,3.31,0.368,680AD,997AD,678AD (95.4%) 992AD,741AD,935AD,710AD ( 3.9%) 725AD; 731AD ( 1.3%) 736AD; 772AD (53.1%) 904AD; 918AD (10.0%) 952AD
newark bay,TO-7193,,1200,40,yes,no,-19.07,10.37,3.26,0.227,778AD,1030AD,774AD ( 3.3%) 792AD; 800AD (92.1%) 1030AD,858AD,988AD,882AD (66.5%) 996AD; 1008AD ( 1.8%) 1012AD
pierowall quarry,GU-1580,,2510,80,no,no,-20,,,,800BC,418BC,798BC (95.4%) 416BC,748BC,498BC,786BC (68.3%) 542BC
pierowall quarry,GU-1581,,2425,60,no,no,-20,,,,756BC,404BC,758BC (20.4%) 678BC; 672BC (75.0%) 398BC,706BC,444BC,742BC (14.6%) 692BC; 664BC ( 5.3%) 646BC; 549BC (48.4%) 406BC
pool,GU-1806,,975,50,no,no,-21.9,,,,992AD,1196AD,990AD (93.7%) 1179AD; 1190AD ( 1.8%) 1206AD,1029AD,1144AD,1022AD (19.0%) 1052AD; 1078AD (49.3%) 1155AD
pool,GU-1807,,1105,70,no,no,-21.7,,,,732AD,1109AD,706AD ( 1.2%) 728AD; 771AD (92.7%) 1046AD; 1084AD ( 0.5%) 1094AD; 1103AD ( 1.1%) 1122AD,838AD,998AD,778AD ( 1.3%) 782AD; 880AD (67.0%) 1022AD
pool,GU-1808,,930,50,no,no,-22.1,,,,1024AD,1216AD,1026AD (95.4%) 1216AD,1054AD,1174AD,1040AD (68.3%) 1162AD
pool,GU-1809,,1330,55,no,no,-22.8,,,,614AD,846AD,604AD (90.5%) 778AD; 788AD ( 5.0%) 825AD,660AD,765AD,650AD (41.3%) 706AD; 736AD (26.9%) 772AD
pool,GU-1810,,1270,50,no,no,-27.5,,,,664AD,878AD,660AD (67.2%) 778AD; 784AD (28.2%) 878AD,690AD,822AD,670AD (62.5%) 774AD; 792AD ( 3.5%) 800AD; 812AD ( 2.3%) 818AD
pool,GU-1997,,1345,50,no,no,-22.0,,,,609AD,806AD,602AD (95.4%) 776AD,652AD,757AD,646AD (45.1%) 702AD; 740AD (23.2%) 772AD
pool,GU-1998,,1505,50,no,no,-22.4,,,,436AD,642AD,434AD (21.6%) 519AD; 526AD (73.9%) 646AD,486AD,611AD,484AD ( 2.0%) 489AD; 537AD (55.4%) 611AD; 616AD (10.8%) 640AD
pool,GU-1999,,1520,50,no,no,-21.9,,,,432AD,637AD,431AD (95.4%) 640AD,468AD,596AD,440AD ( 8.6%) 460AD; 478AD ( 8.4%) 496AD; 534AD (51.2%) 604AD
pool,GU-2000,,1480,50,no,no,-22.3,,,,446AD,648AD,436AD ( 3.8%) 464AD; 475AD ( 3.9%) 500AD; 509AD ( 0.6%) 516AD; 530AD (87.1%) 657AD,546AD,630AD,560AD (68.3%) 640AD
pool,GU-2001,,1320,55,no,no,-19.2,,,,622AD,858AD,607AD ( 1.7%) 624AD; 636AD (84.9%) 778AD; 786AD ( 7.0%) 830AD; 854AD ( 1.8%) 874AD,666AD,769AD,654AD (38.5%) 706AD; 730AD (29.8%) 772AD
pool,GU-2002,,1250,50,no,no,-26.9,,,,670AD,898AD,665AD (95.4%) 885AD,700AD,848AD,678AD (38.9%) 748AD; 758AD ( 7.7%) 775AD; 787AD (20.8%) 828AD; 864AD ( 1.0%) 866AD
pool,GU-2003,,1185,50,no,no,-21.8,,,,698AD,976AD,690AD ( 0.8%) 696AD; 702AD ( 7.7%) 741AD; 771AD (87.0%) 987AD,780AD,930AD,774AD (62.7%) 893AD; 929AD ( 5.5%) 944AD
pool,GU-2004,,1270,55,no,no,-27.7,,,,662AD,885AD,658AD (95.4%) 882AD,690AD,830AD,669AD (58.5%) 774AD; 791AD ( 5.2%) 804AD; 809AD ( 4.5%) 820AD
pool,GU-2005,,1090,50,no,no,-22.0,,,,787AD,1030AD,774AD ( 2.0%) 787AD; 828AD ( 3.6%) 860AD; 870AD (89.9%) 1033AD,896AD,999AD,893AD (25.5%) 930AD; 942AD (37.3%) 995AD; 1006AD ( 5.5%) 1016AD
pool,GU-2006,,1160,50,no,no,-21.9,,,,716AD,989AD,707AD ( 1.9%) 724AD; 771AD (93.5%) 994AD,799AD,952AD,776AD ( 6.3%) 788AD; 824AD (36.0%) 900AD; 917AD (25.9%) 973AD
pool,GU-2241,,1160,50,no,no,-25.6,,,,716AD,989AD,707AD ( 1.9%) 724AD; 771AD (93.5%) 994AD,799AD,952AD,776AD ( 6.3%) 788AD; 824AD (36.0%) 900AD; 917AD (25.9%) 973AD
pool,GU-2243,,1610,110,no,no,-20.0,,,,214AD,635AD,238AD (95.4%) 646AD,324AD,556AD,266AD ( 1.4%) 272AD; 352AD (66.9%) 570AD
pool,GU-2244,,1530,120,no,no,-19.2,,,,260AD,750AD,247AD (94.0%) 686AD; 743AD ( 1.5%) 771AD,401AD,620AD,422AD (61.7%) 612AD; 616AD ( 6.6%) 640AD
pool,SUERC-73735,PL2110,1570,33,no,no,,,,,425AD,572AD,422AD (95.4%) 568AD,446AD,542AD,435AD (24.2%) 465AD; 474AD (30.2%) 516AD; 530AD (13.9%) 547AD
quanterness,Q-1463,8134,2130,60,no,no,,,,,354BC,2AD,362BC (93.2%) 35BC; 15BC ( 2.2%) 5AD,310BC,72BC,344BC ( 9.4%) 318BC; 203BC (58.8%) 52BC
quanterness,Q-1464,8272,2440,85,no,no,,,,,775BC,384BC,780BC (95.4%) 393BC,716BC,448BC,749BC (17.2%) 686BC; 666BC ( 7.2%) 640BC; 569BC (43.9%) 410BC
quanterness,Q-1465,8280,2570,85,no,no,,,,,892BC,432BC,897BC ( 2.6%) 869BC; 841BC (92.9%) 416BC,795BC,552BC,814BC (28.3%) 726BC; 700BC (10.4%) 662BC; 650BC (29.6%) 544BC
red craig,GU-1230,,1060,110,no,no,-23.4,,,,710AD,1204AD,704AD ( 2.4%) 738AD; 771AD (93.1%) 1216AD,842AD,1112AD,778AD ( 1.3%) 784AD; 878AD (51.6%) 1050AD; 1080AD (15.4%) 1153AD
red craig,GU-1958,,1250,110,no,no,-23.8,,,,606AD,1004AD,603AD (95.1%) 995AD; 1008AD ( 0.3%) 1014AD,687AD,914AD,666AD (68.3%) 884AD
red craig,GU-1959,,1240,110,no,no,-23.8,,,,612AD,1010AD,606AD ( 1.4%) 626AD; 636AD (93.0%) 998AD; 1003AD ( 1.1%) 1018AD,692AD,924AD,670AD (68.3%) 886AD
sebay,GrA-30980,,1870,40,no,no,,,,,68AD,286AD,65AD (95.0%) 248AD; 299AD ( 0.4%) 304AD,125AD,216AD,125AD (68.3%) 218AD
skaill deerness,Birm-397,,2100,100,no,no,,,,,370BC,136AD,384BC (93.4%) 86AD; 93AD ( 2.0%) 118AD,294BC,8AD,350BC ( 9.4%) 306BC; 208BC (58.9%) 20AD
skaill deerness,Birm-413,,2120,120,no,no,,,,,418BC,162AD,404BC (94.3%) 132AD; 139AD ( 0.8%) 160AD; 190AD ( 0.4%) 201AD,320BC,7AD,356BC (16.0%) 279BC; 256BC ( 1.4%) 248BC; 232BC (46.8%) 32BC; 16BC ( 4.2%) 7AD
skaill deerness,Birm-592,,1500,120,no,no,,,,,272AD,772AD,255AD ( 2.0%) 286AD; 325AD (93.4%) 774AD,429AD,642AD,432AD (68.3%) 649AD
skaill deerness,Birm-593,,1760,110,no,no,,,,,24AD,536AD,28AD ( 1.0%) 46AD; 58AD (94.5%) 545AD,159AD,410AD,132AD ( 1.3%) 140AD; 160AD ( 5.6%) 190AD; 200AD (61.5%) 418AD
skaill deerness,Birm-594,,3010,140,no,no,,,,,1561BC,894BC,1536BC (94.7%) 897BC; 869BC ( 0.8%) 844BC,1398BC,1048BC,1413BC (68.3%) 1054BC
skaill deerness,Birm-762,,1350,100,no,no,,,,,488AD,928AD,441AD ( 0.3%) 450AD; 478AD ( 0.7%) 494AD; 535AD (93.1%) 896AD; 923AD ( 1.3%) 952AD,612AD,809AD,596AD (65.2%) 774AD; 792AD ( 1.7%) 800AD; 812AD ( 1.4%) 818AD
skaill deerness,Birm-763,,1420,100,no,no,,,,,428AD,846AD,416AD (92.5%) 778AD; 787AD ( 2.8%) 828AD; 862AD ( 0.2%) 866AD,530AD,731AD,540AD (60.9%) 702AD; 741AD ( 7.3%) 772AD
skaill deerness,Birm-764,,2020,100,no,no,,,,,336BC,219AD,353BC ( 5.2%) 285BC; 228BC (90.2%) 232AD,157BC,110AD,155BC (68.3%) 120AD
skaill deerness,Birm-765,,1360,100,no,no,,,,,474AD,910AD,437AD ( 1.2%) 463AD; 476AD ( 1.1%) 498AD; 532AD (92.6%) 893AD; 930AD ( 0.6%) 943AD,602AD,798AD,586AD (68.3%) 774AD
skaill deerness,Birm-766,,1550,100,no,no,,,,,269AD,653AD,256AD ( 2.6%) 284AD; 326AD (92.9%) 661AD,410AD,594AD,420AD (68.3%) 600AD
skaill deerness,OxA-1437,,3150,70,no,no,,,,,1574BC,1233BC,1600BC ( 0.5%) 1590BC; 1542BC (94.9%) 1222BC,1486BC,1316BC,1502BC (55.8%) 1382BC; 1342BC (12.5%) 1310BC
skaill deerness,OxA-1716,,3520,70,no,no,,,,,2046BC,1650BC,2032BC (94.1%) 1668BC; 1656BC ( 1.4%) 1635BC,1943BC,1754BC,1937BC (68.3%) 1748BC
skara brae,SUERC-24240,,1525,30,yes,no,-20.7,,,,442AD,610AD,434AD ( 8.8%) 466AD; 474AD (12.2%) 518AD; 528AD (74.4%) 605AD,488AD,584AD,538AD (68.3%) 596AD
st boniface,AA-9560,2170,3175,60,no,no,,,,,1586BC,1290BC,1606BC ( 1.7%) 1582BC; 1544BC (93.7%) 1282BC,1498BC,1367BC,1508BC (67.4%) 1397BC; 1332BC ( 0.8%) 1329BC
st boniface,AA-9561,3056,4240,60,no,no,,,,,3000BC,2633BC,3010BC ( 2.7%) 2978BC; 2966BC ( 1.2%) 2947BC; 2939BC (91.6%) 2626BC,2898BC,2710BC,2915BC (32.2%) 2851BC; 2809BC (26.2%) 2747BC; 2726BC ( 9.9%) 2698BC
st boniface,AA-9562,2134,3100,85,no,no,,,,,1526BC,1112BC,1532BC (95.4%) 1120BC,1442BC,1239BC,1490BC ( 1.6%) 1484BC; 1449BC (65.4%) 1260BC; 1240BC ( 1.3%) 1235BC
st boniface,AA-9563,3022,3080,50,no,yes,,,,1.0,1095BC,717BC,1099BC (95.4%) 721BC,984BC,802BC,971BC (68.3%) 791BC
st boniface,AA-9564,2097,1815,60,no,no,,,,,82AD,384AD,82AD ( 1.8%) 98AD; 112AD (93.7%) 401AD,154AD,319AD,130AD ( 4.4%) 144AD; 155AD (42.9%) 258AD; 281AD (20.9%) 329AD
st boniface,AA-9565,2004,2115,60,no,no,,,,,348BC,18AD,359BC (16.0%) 276BC; 261BC ( 1.4%) 244BC; 234BC (78.0%) 20AD,288BC,59BC,340BC ( 5.2%) 324BC; 200BC (63.1%) 48BC
st boniface,GU-3058,2050,2620,50,no,yes,,,,1.0,545BC,110BC,540BC (95.4%) 103BC,422BC,214BC,406BC (68.3%) 202BC
st boniface,GU-3059,2145,2830,50,no,yes,,,,1.0,772BC,390BC,774BC (95.4%) 392BC,700BC,476BC,718BC (68.3%) 496BC
st boniface,GU-3060,1095,2740,50,no,yes,,,,1.0,712BC,265BC,728BC (95.4%) 286BC,608BC,386BC,588BC (68.3%) 370BC
st boniface,GU-3061,1091,2460,50,no,yes,,,,1.0,336BC,86AD,346BC (95.4%) 75AD,240BC,20BC,229BC (68.3%) 9BC
st boniface,GU-3062,1080,2590,50,no,yes,,,,1.0,497BC,72BC,490BC (95.4%) 64BC,376BC,180BC,381BC (68.3%) 186BC
st boniface,GU-3063,1035,1570,90,no,no,,,,,269AD,638AD,258AD ( 2.4%) 280AD; 332AD (93.1%) 649AD,404AD,576AD,416AD (68.3%) 587AD
st boniface,GU-3064,1034,1700,50,no,yes,,,,1.0,587AD,930AD,580AD (95.4%) 925AD,668AD,834AD,660AD (68.3%) 825AD
st boniface,GU-3065,1034,1370,90,no,no,,,,,484AD,874AD,443AD ( 0.2%) 448AD; 480AD ( 0.7%) 494AD; 536AD (94.6%) 886AD,602AD,768AD,594AD (49.7%) 708AD; 723AD (18.5%) 772AD
st boniface,GU-3066,1045,1330,50,no,yes,,,,1.0,948AD,1282AD,960AD (95.4%) 1290AD,1042AD,1212AD,1042AD (68.3%) 1212AD
st boniface,GU-3067,1045,920,60,no,no,,,,,1016AD,1242AD,998AD ( 0.5%) 1002AD; 1019AD (94.0%) 1229AD; 1246AD ( 0.9%) 1255AD,1054AD,1192AD,1040AD (68.3%) 1175AD
st boniface,GU-3069,1030,1270,70,no,yes,,,,1.0,986AD,1361AD,990AD (95.4%) 1366AD,1078AD,1268AD,1086AD (68.3%) 1275AD
st boniface,GU-3268,1100,2740,50,no,yes,,,,1.0,712BC,265BC,728BC (95.4%) 286BC,608BC,386BC,588BC (68.3%) 370BC
st boniface,GU-3271,2145,2850,50,no,yes,,,,1.0,788BC,404BC,786BC (95.4%) 404BC,716BC,499BC,736BC (68.3%) 524BC
st boniface,GU-3273,2181,2790,50,no,yes,,,,1.0,744BC,352BC,752BC (95.4%) 361BC,664BC,435BC,654BC (68.3%) 425BC
st boniface,GU-3274,2050,2570,50,no,yes,,,,1.0,463BC,50BC,454BC (95.4%) 42BC,353BC,156BC,364BC (68.3%) 168BC
st boniface,GU-3275,1091,2490,50,no,yes,,,,1.0,358BC,48AD,366BC (95.4%) 36AD,279BC,57BC,270BC (68.3%) 48BC
st boniface,GU-3277,2029,2350,50,no,yes,,,,1.0,194BC,218AD,188BC (95.4%) 224AD,90BC,119AD,88BC (68.3%) 122AD
st boniface,GU-3278,2137,2330,50,no,yes,,,,1.0,168BC,238AD,164BC (95.4%) 241AD,64BC,144AD,62BC (68.3%) 148AD
st boniface,GU-3279,2013,2340,50,no,yes,,,,1.0,180BC,228AD,176BC (95.4%) 233AD,78BC,131AD,77BC (68.3%) 132AD
st boniface,GU-3280,2097,2430,50,no,yes,,,,1.0,314BC,122AD,322BC (95.4%) 114AD,194BC,18AD,190BC (68.3%) 24AD
st boniface,GU-3282,2004,2250,50,no,yes,,,,1.0,68BC,340AD,61BC (95.4%) 346AD,37AD,236AD,40AD (68.3%) 238AD
tofts ness,GU-2183,TN86 SF3048,2990,100,no,no,-24.9,,,,1446BC,940BC,1442BC (93.7%) 968BC; 960BC ( 1.8%) 931BC,1356BC,1068BC,1386BC (10.3%) 1339BC; 1316BC (52.9%) 1108BC; 1095BC ( 2.7%) 1081BC; 1068BC ( 2.3%) 1056BC
tofts ness,GU-2207,TN86 575,2510,140,no,no,-22.0,,,,955BC,262BC,976BC ( 0.6%) 952BC; 935BC (93.1%) 353BC; 285BC ( 1.7%) 228BC,782BC,455BC,794BC (67.2%) 476BC; 432BC ( 1.1%) 426BC
tofts ness,GU-2208,TN86 700,2470,50,no,no,-21.4,,,,766BC,420BC,770BC (89.5%) 452BC; 446BC ( 6.0%) 416BC,722BC,487BC,756BC (24.5%) 680BC; 670BC (19.6%) 606BC; 597BC (24.2%) 516BC
tofts ness,GU-2544,TN86 752,2470,50,no,no,-27.9,,,,766BC,420BC,770BC (89.5%) 452BC; 446BC ( 6.0%) 416BC,722BC,487BC,756BC (24.5%) 680BC; 670BC (19.6%) 606BC; 597BC (24.2%) 516BC
warebeth,GU-2385,,1720,50,no,no,-23.1,,,,238AD,461AD,229AD (95.4%) 430AD,268AD,394AD,255AD (18.5%) 285AD; 325AD (49.8%) 406AD
westness,T-6527,,1360,70,yes,no,-20.84,11.0,3.26,,572AD,850AD,563AD (90.2%) 778AD; 786AD ( 4.6%) 828AD; 859AD ( 0.7%) 870AD,622AD,760AD,606AD ( 9.7%) 628AD; 634AD (41.0%) 704AD; 738AD (17.6%) 772AD
westness,T-6528,,1400,60,yes,no,-20.46,11.01,3.26,,552AD,768AD,549AD (86.0%) 707AD; 729AD ( 9.5%) 774AD,599AD,684AD,590AD (68.3%) 673AD
westness,T-6529,,1530,60,yes,no,-21.0,10.41,3.51,,420AD,638AD,421AD (95.4%) 640AD,456AD,592AD,436AD (13.0%) 464AD; 475AD (11.8%) 500AD; 508AD ( 2.9%) 516AD; 530AD (40.6%) 601AD
westness,T-6530,,920,50,yes,no,-20.63,11.74,3.63,,1029AD,1222AD,1027AD (95.4%) 1220AD,1058AD,1184AD,1041AD (37.9%) 1108AD; 1114AD (30.4%) 1170AD
westness,T-6532,,1190,50,yes,no,-20.7,11.8,3.4,,694AD,974AD,684AD (11.2%) 744AD; 770AD (84.2%) 980AD,776AD,924AD,774AD (63.8%) 893AD; 930AD ( 4.5%) 942AD
westness,T-6813,,1320,80,yes,no,-22.7,,,,593AD,899AD,586AD (95.4%) 889AD,657AD,814AD,644AD (62.7%) 774AD; 792AD ( 3.1%) 803AD; 810AD ( 2.5%) 820AD
westness,T-6814,,1270,60,yes,no,-18.1,13.7,3.3,0.341,710AD,1046AD,690AD ( 4.5%) 746AD; 758AD (90.9%) 1040AD,807AD,980AD,830AD (68.3%) 992AD
westness,T-6815,,1240,70,yes,no,-18.2,14.8,3.4,0.329,716AD,1124AD,704AD ( 2.8%) 742AD; 770AD (92.6%) 1130AD,826AD,1009AD,834AD ( 6.5%) 858AD; 866AD (61.8%) 1022AD
westness,T-6816,,1180,70,yes,no,-22.7,,,,685AD,994AD,678AD (14.0%) 750AD; 757AD (81.4%) 994AD,754AD,944AD,774AD (50.9%) 900AD; 918AD (17.4%) 972AD
westness,T-6817,,1330,120,yes,no,-20.76,10.37,3.52,,466AD,969AD,440AD ( 0.4%) 450AD; 478AD ( 0.8%) 495AD; 534AD (94.2%) 990AD,614AD,852AD,602AD (54.3%) 776AD; 786AD (10.2%) 830AD; 854AD ( 3.7%) 872AD
westness,T-7464,,1220,40,yes,no,-19.3,,,0.2,724AD,1012AD,772AD (95.4%) 1022AD,820AD,968AD,779AD ( 1.2%) 782AD; 833AD ( 8.4%) 854AD; 871AD (58.7%) 988AD
westness,T-7465,,1430,40,yes,no,-19.1,,,0.224,606AD,828AD,598AD (91.1%) 779AD; 786AD ( 4.4%) 824AD,652AD,761AD,645AD (42.7%) 709AD; 726AD (25.6%) 772AD
westness,T-7466,,1400,40,yes,no,-20.55,10.88,3.24,,583AD,750AD,575AD (94.4%) 678AD; 750AD ( 1.0%) 758AD,610AD,658AD,606AD (28.0%) 628AD; 635AD (40.3%) 660AD
westness,T-7467,,1160,50,yes,no,-19.7,,,0.153,776AD,1093AD,772AD (94.7%) 1049AD; 1085AD ( 0.4%) 1092AD; 1106AD ( 0.4%) 1115AD,859AD,1001AD,885AD (68.3%) 1020AD
westness,T-7468,,1410,30,yes,no,-20.93,11.47,3.28,,594AD,662AD,596AD (95.4%) 664AD,610AD,651AD,606AD (30.9%) 625AD; 636AD (37.4%) 655AD
westness,T-7469,,1330,70,yes,no,-21.3,,,,600AD,872AD,599AD (81.6%) 778AD; 784AD ( 9.7%) 838AD; 844AD ( 4.1%) 878AD,654AD,786AD,647AD (68.3%) 773AD
westness,T-7470,,1410,60,yes,no,-21.1,10.83,3.35,,542AD,764AD,544AD (89.0%) 705AD; 737AD ( 6.4%) 774AD,591AD,668AD,590AD (68.3%) 666AD
westness,T-7471,,1480,40,yes,no,-21.0,11.26,3.46,,478AD,646AD,482AD ( 1.0%) 492AD; 536AD (94.5%) 654AD,562AD,629AD,563AD (49.9%) 610AD; 618AD (18.4%) 639AD
westness,TO-7194,,1200,40,yes,no,-19.4,,,0.188,772AD,1020AD,774AD (95.4%) 1022AD,838AD,978AD,779AD ( 0.8%) 782AD; 838AD ( 2.6%) 846AD; 875AD (64.8%) 994AD
westness,TO-7195,,1600,70,yes,no,-21.0,11.0,3.3,,270AD,599AD,258AD ( 2.6%) 280AD; 332AD (92.8%) 603AD,398AD,543AD,410AD (68.3%) 553AD
westness,TO-7196,,1540,40,yes,no,-19.9,,,0.129,439AD,650AD,434AD (17.6%) 520AD; 526AD (77.9%) 654AD,498AD,625AD,545AD (68.3%) 640AD
westness,TO-7198,,1200,40,yes,no,-19.6,,,0.165,732AD,1014AD,772AD (95.4%) 1020AD,827AD,972AD,779AD ( 1.1%) 782AD; 836AD ( 4.7%) 848AD; 874AD (62.4%) 991AD
westness,TO-7532,,1300,30,yes,no,-20.7,11.8,3.4,,662AD,789AD,660AD (95.4%) 774AD,678AD,762AD,668AD (33.7%) 702AD; 740AD (34.6%) 772AD